PH,,,,,,,,,,,,,,,,,,
Ad category,High Performance Ad,Poor Performance Ad,High Performance Ad,,Poor Performance Ad,High Performance Ad,High Performance Ad,High Performance Ad,Poor Performance Ad,High Performance Ad,,,High Performance Ad,Poor Performance Ad,,Poor Performance Ad,,
Ad Name,PH_Allinonepos_P63_F2,PH_unboxingrestaurant_stopmotion_falcon_splitvideo_relaunch,PH_allinoneposphp63_d3_fnb_static_relaunch,PH_allinoneposphp63_fnb_logos_static,PH_productcentrictestimonial_static_v2,PH_Independenceday_P21000_promo,PH_comicpromo_v2_static,PH_Allinonepos_Fnb_F2,PH_90smgt_bluecalculator_static,PH_Independenceday_P63_promo,PH_allinoneposphp63_fnb_logos_static_relaunch,PH_StressToSuccess_static,PH_no1possystemsimple_static_relaunch,PH_NationalHeroesDay,PH_Reworked/No1possystem_Static_Eng,PH_ProductTestimonial_2_D3,PH_howmuchisyourprofit_coffee_static,S2_PH_Halloween_Problems_Carousel_otp_1016
Ad Preview,,,,,,,,,,,,,,,,,,
Creative Link,https://www.facebook.com/100064348405518/posts/1198900165598252/,https://www.facebook.com/100064348405518/posts/1175414781280124/,https://www.facebook.com/100064348405518/posts/1175401407948128/,https://www.facebook.com/100064348405518/posts/1105093931645543/,https://www.facebook.com/100064348405518/posts/1141639157991020/?dco_ad_token=AaqpIyaZMRt6-3HfEQ20DusEypap9c6HygRRaAFYTycPQGffU7Q1s385aGeCkylBzuzAAy2rbw&dco_ad_id=6790675148965,PH_Independenceday_P21000_promo,https://www.facebook.com/100064348405518/posts/1125850426236560/?dco_ad_token=AarjdBGLisB2AGp_ZDzbuL6DJd8yD7MaNONqJGGZsBjrEfi1aCDyYV2NTqtxlch89YAcd7dcow&dco_ad_id=6775426697965,https://www.facebook.com/100064348405518/posts/1192819276206341/,https://www.facebook.com/100064348405518/posts/1152331223588480/,https://www.facebook.com/100064348405518/posts/1141910231297246/?dco_ad_token=Aapgkc-Sf6YsMtbhC0-7lgzYt-6A8FvQXTVgKXUu37dgJbzNEnTEZnZZzzHJvFTfiBQX_GoVOA&dco_ad_id=6790872065965,,,https://www.facebook.com/100064348405518/posts/1179834984171437/?dco_ad_token=Aaqg5WkueiH120f06Luqx7zZq0l025BZOV72pOVLd7ejTcsXdsuVXY91kk7JxA7gs5L8f_OhAA&dco_ad_id=6825584869765,https://www.facebook.com/100064348405518/posts/1203960408425561/,,https://www.facebook.com/100064348405518/posts/1198870722267863/,,https://www.facebook.com/100064348405518/posts/1251019160386352/
Spend,"RM18,799","RM13,886","RM13,603","RM8,872","RM6,546","RM6,431","RM6,416","RM5,198","RM2,370","RM2,118","RM2,079","RM1,733","RM1,601","RM1,197",RM869,RM804,RM494,RM342
Leads,346,353,228,164,98,51,144,80,46,44,52,26,29,12,18,4,15,2
MQL,188,163,132,96,62,38,80,45,18,28,29,8,17,4,12,2,0,0
MQL%,54%,46%,58%,59%,63%,75%,56%,56%,39%,64%,56%,31%,59%,33%,67%,50%,0%,0%
SQL,72,44,50,21,15,22,24,18,3,7,7,0,9,1,2,1,1,0
SQL%,20.8%,12.5%,21.9%,12.8%,15.3%,43.1%,16.7%,22.5%,6.5%,15.9%,13.5%,0.0%,31.0%,8.3%,11.1%,25.0%,6.7%,0.0%
Won,6,1,6,3,1,3,4,3,0,2,3,0,1,0,0,0,0,0
Won%,1.73%,0.28%,2.63%,1.83%,1.02%,5.88%,2.78%,3.75%,0.00%,4.55%,5.77%,0.00%,3.45%,0.00%,0.00%,0.00%,0.00%,0.00%
CPL,RM54,RM39,RM60,RM54,RM67,RM126,RM45,RM65,RM52,RM48,RM40,RM67,RM55,RM100,RM48,RM201,RM33,RM171
CPMQL,RM100,RM85,RM103,RM92,RM106,RM169,RM80,RM116,RM132,RM76,RM72,RM217,RM94,RM299,RM72,RM402,#DIV/0!,
CPSQL,RM261,RM316,RM272,RM422,RM436,RM292,RM267,RM289,RM790,RM303,RM297,#DIV/0!,RM178,"RM1,197",RM434,RM804,RM494,/
CPWon,"RM3,133","RM13,886","RM2,267","RM2,957","RM6,546","RM2,144","RM1,604","RM1,733",#DIV/0!,"RM1,059",RM693,#DIV/0!,"RM1,601",#DIV/0!,#DIV/0!,#DIV/0!,#DIV/0!,/
,,,,,,,,,,,,,,,,,,
CTR (%),0.4%,0.6%,0.3%,0.2%,0.3%,0.4%,0.4%,0.5%,0.4%,0.4%,0.3%,0.5%,0.4%,0.4%,0.3%,0.5%,0.8%,1.0%
Message Rate (%),0.0%,0.0%,0.0%,0.0%,0.0%,0.0%,0.0%,0.0%,0.0%,0.0%,0.0%,0.0%,0.0%,0.0%,0.0%,0.0%,0.0%,1.0%
ThruPlay %,3.3%,2.8%,3.0%,1.0%,1.4%,1.1%,3.3%,2.8%,4.4%,1.2%,2.7%,0.7%,2.4%,0.9%,3.2%,2.6%,0.1%,2.7%
,,,,,,,,,,,,,,,,,,
Justification,"High spend i.e scalability 
High SQL%
Low CPL
Low CPSQL
High CPWon","High spend i.e scalability
Very High CPWon
Low CPL","High spend i.e scalability
High SQL%
Low CPL
Low CPSQL
Low CTR%","High spend i.e scalability
Low CTR%","High spend i.e scalability
Low CPWon
Low CTR%","High spend i.e scalability
Highest SQL%
High CPL
Low CPSQL
High Won%","High spend i.e scalability
Low CPL
Low CPSQL
Low CPWon","High SQL%
Low CPSQL
Low CPWon","Low SQL%
Low CPL
High CPSQL
No Wins","Low CPL
Low CPWon",,,"High SQL%
Low CPSQL
Low CPWon","Low SQL%
High CPL
Low CPSQL",,"High CPL
High SQL%
High CPSQL",,"High CPL
Low Spend
Good CTR%
Good ThruPlay %
"
Learning,"All-In-One POS
Hardware
Promo","Hardware
Split Screen
Unboxing
#1 POS
CTA Button","All-In-One POS
Hardware
Promo","All-In-One POS
Hardware
Merchant Logos","Hardware
Merchant Quote","Hardware
Promo","Hardware
Promo
#1 POS","All-In-One POS
Merchant Logos
Hardware",CTA Button,"Promo
Hardware",,,"Promo
Hardware
#1 POS","Promo
Hardware",,"Hardware
Merchant Quote",,
,,,,,,,,,,,,,,,,,,
,,,,,,,,,,,,,,,,,,
Period Avg.,,,,,,,,,,,,,,,,,,
SQL%,24%,,,,,,,,,,,,,,#DIV/0!,,#DIV/0!,
Won%,7%,,,,,,,,,,,,,,,,,
CPL,RM99,,,,,,,,,,,,,,#DIV/0!,,#DIV/0!,
CPSQL,RM425,,,,,,,,,,,,,,#DIV/0!,,#DIV/0!,
CPWon,"RM1,518",,,,,,,,,,,,,,#DIV/0!,,#DIV/0!,
,,,,,,,,,,,,,,,,,,
CTR (%),0.82%,,,,,,,,,,,,,,,,,
Message Rate (%),0.88%,,,,,,,,,,,,,,,,,
,,,,,,,,,,,,,,,,,,
,,,,,,,,,,,,,,,,,,
,,,,,,,,,,,,,,,,,,
Final Takeaways,"1. Best Performing Creative Themes

“All-In-One POS” messaging consistently drives high SQL% and scalability, with low CPL and CPSQL — proving that product-focused, value-driven messages perform best.

Creatives that highlight “#1 POS System” with promo as supporting point perfom better than logos as supporting point.

The CTR% for these ads was usually lower than average.",,,,,,,,,,,,,,,,,
,"2. Underperforming Creative Elements

- Hardware + merchant quotes/logos/testimonials underperformed — they result in high CPL and low Win%.

- Creatives with Testimonials didn’t scale — despite decent engagement, they failed to get SQLs or Wins (high CPWon).",,,,,,,,,,,,,,,,,
,"3. Strong Creative Drivers

Promotional hooks (e.g., “₱63 software,” “₱21,000 off”) significantly improve SQL% — discount-led offers work well as acquisition triggers.",,,,,,,,,,,,,,,,,
,"4. Creative Optimization Insights

Test more ads with CTA buttons + hardware to improve engagement without losing clarity of the main offering.",,,,,,,,,,,,,,,,,